{
  "hash": "beb06d6f",
  "configHash": "2ef86efd",
  "lockfileHash": "d04aa458",
  "browserHash": "7ab49a8f",
  "optimized": {
    "@angular/cdk/bidi": {
      "src": "../../../../../../node_modules/@angular/cdk/fesm2022/bidi.mjs",
      "file": "@angular_cdk_bidi.js",
      "fileHash": "a7b72db9",
      "needsInterop": false
    },
    "@angular/cdk/scrolling": {
      "src": "../../../../../../node_modules/@angular/cdk/fesm2022/scrolling.mjs",
      "file": "@angular_cdk_scrolling.js",
      "fileHash": "7ef9365a",
      "needsInterop": false
    },
    "@angular/cdk/text-field": {
      "src": "../../../../../../node_modules/@angular/cdk/fesm2022/text-field.mjs",
      "file": "@angular_cdk_text-field.js",
      "fileHash": "5b94fac7",
      "needsInterop": false
    },
    "@angular/common": {
      "src": "../../../../../../node_modules/@angular/common/fesm2022/common.mjs",
      "file": "@angular_common.js",
      "fileHash": "d8c8d8e0",
      "needsInterop": false
    },
    "@angular/common/http": {
      "src": "../../../../../../node_modules/@angular/common/fesm2022/http.mjs",
      "file": "@angular_common_http.js",
      "fileHash": "55572499",
      "needsInterop": false
    },
    "@angular/core": {
      "src": "../../../../../../node_modules/@angular/core/fesm2022/core.mjs",
      "file": "@angular_core.js",
      "fileHash": "7363114a",
      "needsInterop": false
    },
    "@angular/forms": {
      "src": "../../../../../../node_modules/@angular/forms/fesm2022/forms.mjs",
      "file": "@angular_forms.js",
      "fileHash": "bf0545fd",
      "needsInterop": false
    },
    "@angular/material/button": {
      "src": "../../../../../../node_modules/@angular/material/fesm2022/button.mjs",
      "file": "@angular_material_button.js",
      "fileHash": "c32dc641",
      "needsInterop": false
    },
    "@angular/material/divider": {
      "src": "../../../../../../node_modules/@angular/material/fesm2022/divider.mjs",
      "file": "@angular_material_divider.js",
      "fileHash": "ad11b0ee",
      "needsInterop": false
    },
    "@angular/material/form-field": {
      "src": "../../../../../../node_modules/@angular/material/fesm2022/form-field.mjs",
      "file": "@angular_material_form-field.js",
      "fileHash": "cd843774",
      "needsInterop": false
    },
    "@angular/material/icon": {
      "src": "../../../../../../node_modules/@angular/material/fesm2022/icon.mjs",
      "file": "@angular_material_icon.js",
      "fileHash": "20bfdc1c",
      "needsInterop": false
    },
    "@angular/material/input": {
      "src": "../../../../../../node_modules/@angular/material/fesm2022/input.mjs",
      "file": "@angular_material_input.js",
      "fileHash": "60052561",
      "needsInterop": false
    },
    "@angular/material/menu": {
      "src": "../../../../../../node_modules/@angular/material/fesm2022/menu.mjs",
      "file": "@angular_material_menu.js",
      "fileHash": "322cee39",
      "needsInterop": false
    },
    "@angular/material/paginator": {
      "src": "../../../../../../node_modules/@angular/material/fesm2022/paginator.mjs",
      "file": "@angular_material_paginator.js",
      "fileHash": "f7195564",
      "needsInterop": false
    },
    "@angular/material/select": {
      "src": "../../../../../../node_modules/@angular/material/fesm2022/select.mjs",
      "file": "@angular_material_select.js",
      "fileHash": "4788edc3",
      "needsInterop": false
    },
    "@angular/material/sidenav": {
      "src": "../../../../../../node_modules/@angular/material/fesm2022/sidenav.mjs",
      "file": "@angular_material_sidenav.js",
      "fileHash": "6018ab78",
      "needsInterop": false
    },
    "@angular/material/snack-bar": {
      "src": "../../../../../../node_modules/@angular/material/fesm2022/snack-bar.mjs",
      "file": "@angular_material_snack-bar.js",
      "fileHash": "f840e180",
      "needsInterop": false
    },
    "@angular/material/sort": {
      "src": "../../../../../../node_modules/@angular/material/fesm2022/sort.mjs",
      "file": "@angular_material_sort.js",
      "fileHash": "f7fe2a7e",
      "needsInterop": false
    },
    "@angular/material/table": {
      "src": "../../../../../../node_modules/@angular/material/fesm2022/table.mjs",
      "file": "@angular_material_table.js",
      "fileHash": "70358d50",
      "needsInterop": false
    },
    "@angular/material/toolbar": {
      "src": "../../../../../../node_modules/@angular/material/fesm2022/toolbar.mjs",
      "file": "@angular_material_toolbar.js",
      "fileHash": "bf1e94ad",
      "needsInterop": false
    },
    "@angular/platform-browser": {
      "src": "../../../../../../node_modules/@angular/platform-browser/fesm2022/platform-browser.mjs",
      "file": "@angular_platform-browser.js",
      "fileHash": "ca190e5b",
      "needsInterop": false
    },
    "@angular/router": {
      "src": "../../../../../../node_modules/@angular/router/fesm2022/router.mjs",
      "file": "@angular_router.js",
      "fileHash": "74928a19",
      "needsInterop": false
    },
    "rxjs": {
      "src": "../../../../../../node_modules/rxjs/dist/esm5/index.js",
      "file": "rxjs.js",
      "fileHash": "192645fa",
      "needsInterop": false
    },
    "rxjs/operators": {
      "src": "../../../../../../node_modules/rxjs/dist/esm5/operators/index.js",
      "file": "rxjs_operators.js",
      "fileHash": "15b99302",
      "needsInterop": false
    }
  },
  "chunks": {
    "chunk-C3MNHMSX": {
      "file": "chunk-C3MNHMSX.js"
    },
    "chunk-LNZZPTHA": {
      "file": "chunk-LNZZPTHA.js"
    },
    "chunk-5AR5XHGJ": {
      "file": "chunk-5AR5XHGJ.js"
    },
    "chunk-DCZVIP4V": {
      "file": "chunk-DCZVIP4V.js"
    },
    "chunk-VGAYWHGZ": {
      "file": "chunk-VGAYWHGZ.js"
    },
    "chunk-SZS4RJEH": {
      "file": "chunk-SZS4RJEH.js"
    },
    "chunk-OIBNGD5S": {
      "file": "chunk-OIBNGD5S.js"
    },
    "chunk-3SK6VOLQ": {
      "file": "chunk-3SK6VOLQ.js"
    },
    "chunk-UDU42JBG": {
      "file": "chunk-UDU42JBG.js"
    },
    "chunk-BPX3ED3O": {
      "file": "chunk-BPX3ED3O.js"
    },
    "chunk-HXNPYCUX": {
      "file": "chunk-HXNPYCUX.js"
    },
    "chunk-3BBMM7KM": {
      "file": "chunk-3BBMM7KM.js"
    },
    "chunk-4NUNV2AS": {
      "file": "chunk-4NUNV2AS.js"
    },
    "chunk-BAH6HC6R": {
      "file": "chunk-BAH6HC6R.js"
    },
    "chunk-SUHOLOXF": {
      "file": "chunk-SUHOLOXF.js"
    },
    "chunk-LLSYBTIE": {
      "file": "chunk-LLSYBTIE.js"
    },
    "chunk-TITCF536": {
      "file": "chunk-TITCF536.js"
    },
    "chunk-OI4D7JRZ": {
      "file": "chunk-OI4D7JRZ.js"
    },
    "chunk-P4RSL2T3": {
      "file": "chunk-P4RSL2T3.js"
    },
    "chunk-2KRIT2Z5": {
      "file": "chunk-2KRIT2Z5.js"
    },
    "chunk-M3HR6BUY": {
      "file": "chunk-M3HR6BUY.js"
    },
    "chunk-WDUQNR2T": {
      "file": "chunk-WDUQNR2T.js"
    },
    "chunk-4S2JU7CT": {
      "file": "chunk-4S2JU7CT.js"
    },
    "chunk-3SPY4G7G": {
      "file": "chunk-3SPY4G7G.js"
    },
    "chunk-KWD4ZCFO": {
      "file": "chunk-KWD4ZCFO.js"
    },
    "chunk-24P7NBUE": {
      "file": "chunk-24P7NBUE.js"
    },
    "chunk-AF2GL2QR": {
      "file": "chunk-AF2GL2QR.js"
    },
    "chunk-6Q4RANH6": {
      "file": "chunk-6Q4RANH6.js"
    },
    "chunk-FFZIAYYX": {
      "file": "chunk-FFZIAYYX.js"
    },
    "chunk-CXCX2JKZ": {
      "file": "chunk-CXCX2JKZ.js"
    }
  }
}